company_name,sector,fiscal_year,label,years_to_default,sector_npa_rate,revenue,cogs,gross_profit,ebitda,depreciation,ebit,interest_expense,pbt,tax,pat,sga_expense,employee_cost,total_assets,fixed_assets,cwip,total_investments,trade_receivables,inventories,cash_equivalents,other_current_assets,total_current_assets,equity_share_capital,reserves_surplus,total_equity,lt_borrowings,st_borrowings,total_debt,trade_payables,other_current_liab,total_current_liab,cfo,cfi,cff,capex,free_cash_flow,promoter_holding_pct,promoter_pledge_pct,promoter_pledge_change,institutional_holding_pct,auditor_changes_3yr,auditor_big4,din_disqualified_count,related_party_tx_to_rev,dividend_payout_ratio,going_concern_flag,qualified_opinion_flag,emphasis_matter_flag,scope_limitation_flag,auditor_resigned_flag,auditor_distress_score,promoter_total_companies,promoter_npa_companies,promoter_struck_off_companies,network_npa_ratio,contagion_risk_score,customer_concentration,supplier_concentration,satellite_activity_score,satellite_activity_category,satellite_vs_revenue_flag,gst_vs_bank_divergence,gst_divergence_flag,gst_filing_delays_count,ewaybill_volume_consistency,gst_payment_delay_days,ceo_sentiment_overall,ceo_sentiment_revenue,ceo_sentiment_debt,ceo_deflection_score,ceo_overconfidence_score,ceo_specificity_score,debt_to_equity,debt_to_assets,lt_debt_to_assets,st_debt_to_assets,equity_to_assets,interest_coverage,current_ratio,quick_ratio,dscr,ebitda_margin,net_margin,gross_margin,roe,roa,ebitda_to_assets,ebitda_to_equity,ebitda_to_fin_exp,cfo_to_assets,cfo_to_equity,cfo_to_sales,cfo_to_debt,asset_turnover,inventory_days,receivables_days,payables_days,cash_conversion_cycle,ln_total_assets,ln_revenue,ln_net_income,revenue_growth,ebitda_growth,pat_growth,cfo_growth,total_equity_growth,total_debt_growth,total_assets_growth,trade_receivables_growth,dscr_velocity,interest_coverage_velocity,debt_to_equity_velocity,net_margin_velocity,dscr_acceleration,debt_acceleration,dscr_3yr_slope,months_to_dscr_danger,beneish_dsri,beneish_gmi,beneish_aqi,beneish_sgi,beneish_depi,beneish_sgai,beneish_lvgi,beneish_tata,beneish_m_score,beneish_manipulation_flag,altman_x1,altman_x2,altman_x3,altman_x4,altman_x5,altman_z_score,altman_zone,piotroski_roa,piotroski_cfo,piotroski_roa_change,piotroski_accrual,piotroski_leverage,piotroski_liquidity,piotroski_shares,piotroski_margin,piotroski_turnover,piotroski_f_score
Sunrise Textile Mills,Textiles,2016,0,,0.09,46347.51,27500.06,18847.45,10895.65,2913.48,7982.17,1361.26,6620.91,1655.23,4965.69,2484.02,4182.49,65508.23,23218.98,1551.44,5204.35,5584.68,5337.0,4447.76,4139.12,19508.56,3467.88,31865.52,35333.4,8595.14,9014.85,17609.99,4023.21,4878.04,17916.09,7736.05,-2469.63,-2038.05,1534.22,6201.82,0.6646,0.1149,-0.0024,0.3227,0,1,0,0.0598,0.3023,0,0,0,0,0,0,2,0,0,0.0296,0.0043,0.1621,0.179,79.77,ACTIVE,0,-0.0238,0,1,1.0299,4.5,0.2306,0.7223,0.3696,0.1699,0.0208,0.6092,0.4983950030141907,0.268821032101328,0.13120702543586954,0.13761400666545845,0.5393734497094583,5.863809995251597,1.0888849073046136,0.7909962496956091,3.7285512353458885,0.23508598411791515,0.10714038359111112,0.40665507164448195,0.14053813105615257,0.07580253656562232,0.16632490299056582,0.3083668709971764,8.004091791425523,0.1180927953614669,0.21894439821192005,0.16691403701802074,0.4392989433588946,0.7075066751046776,70.83639089984399,43.98096467223415,53.39885258237985,61.41850298969829,11.08993106258515,10.743922847868092,8.510307539633114,,,,,,,,,,,,,,,,120.0,,,,,,,,-0.04229025879584459,-2.677876120905757,0,0.024309464627203202,0.4864353684951275,0.12184988053986728,2.00644066226009,0.7075066751046776,3.0236565516881155,SAFE,1,1,0,1,0,0,0,0,0,3
Sunrise Textile Mills,Textiles,2017,0,,0.09,57002.47,35787.14,21215.33,11212.23,3587.07,7625.15,1781.96,5843.19,1460.8,4382.39,3612.24,3598.35,62581.42,23950.12,1734.4,3448.92,8119.53,3178.4,8568.54,4999.97,24866.45,3132.05,21945.3,25077.35,12524.38,7195.19,19719.57,6446.1,4477.05,18118.35,5364.87,-5817.28,-2849.92,4186.36,1178.52,0.7038,0.0729,-0.0076,0.2451,0,1,0,0.033,0.2903,0,0,0,0,0,1,4,0,1,0.021,0.1094,0.1394,0.1652,76.68,ACTIVE,0,0.0775,0,1,0.9017,3.5,0.4735,0.5664,0.1142,0.1902,0.0413,0.6049,0.7863498335834389,0.31510262949745943,0.20012936746721105,0.11497326203024838,0.40071557979348,4.279080336102336,1.372445614453168,1.1970212518691261,3.3678303653985067,0.19669726592204342,0.07688070358921499,0.37218264400872136,0.17475490830670887,0.07002701440667171,0.1791622817095048,0.4471058544683906,6.292077259707244,0.08572624270772816,0.2139328916247557,0.0941164479347278,0.2720581635262808,0.9108529336516996,32.41711966833848,51.99122862479483,65.74502740186153,18.66332089127178,11.044223707921015,10.950849879211159,8.38534951665152,0.2298928248788339,0.029055632293621736,-0.11746605204916116,-0.30651042844862686,-0.29026501836789,0.11979450300653194,-0.04467850833399112,0.45389350867014744,-0.36072086994738184,-1.5847296591492617,0.2879548305692482,-0.030259680001896133,,,,78.76973023267705,1.1821302468523998,1.092619404938044,0.6324902162603963,1.2298928248522976,0.8558773161482064,1.1823722853543475,1.114883829233561,-0.015699228301056453,-2.3659125230549765,0,0.10782912883555812,0.35066797780634146,0.12184367180991029,1.2716986221671314,0.9108529336516996,2.69628634745623,GREY,1,1,0,1,0,1,1,0,1,6
Sunrise Textile Mills,Textiles,2018,1,6.0,0.09,2755.1,1586.17,1168.92,528.45,115.95,412.5,82.65,329.85,82.46,247.39,213.15,325.0,4859.97,2350.05,320.5,149.65,330.61,511.87,122.05,207.96,1172.49,84.74,578.7,663.44,1214.99,728.99,1943.99,392.3,554.33,1675.62,363.34,-134.91,121.5,134.91,228.43,0.5447,0.368,0.0,0.2445,0,0,0,0.249,0.0701,0,0,0,0,0,1,3,0,2,0.0,0.2713,0.5461,0.302,71.05,ACTIVE,0,0.0,0,1,0.948,13.5,0.3237,0.3907,0.0219,0.1106,0.2121,0.5886,2.9301670039036427,0.40000041144286885,0.2499994855420919,0.14999886827490727,0.13651113069905552,4.9909255294503865,0.6997350230364074,0.3942540669159749,1.5575354401791528,0.19180791978809922,0.08979347388850006,0.4242749807904342,0.3728897860049291,0.05090360639038849,0.10873523908404059,0.796530204997392,6.393829323728623,0.07476177834950383,0.5476606768544846,0.1318790606032888,0.18690425352655915,0.5668965033597128,117.78847783163943,43.799735020943075,90.27374109315284,71.31447175942967,8.488787544035981,7.921209018568924,5.5109660387695945,-0.9516670067104109,-0.9528684302765819,-0.9435490679743245,-0.9322742209969673,-0.973544254077883,-0.9014182357931739,-0.9223416470895036,-0.9592821259358608,-1.8102949252193539,0.7118451933480507,2.1438171703202036,0.012912770299285073,-1.449574055271972,-1.0212127387997059,-1.0855078975833679,3.6957633218663704,0.8424447003749937,0.8772182750372484,1.2511501378503527,0.04833299328874112,2.7704004567608322,1.2208577018014377,1.2318154053982742,-0.023858171959115344,-3.459029437074527,0,-0.10352533038197241,0.11907480907925876,0.08487706712492524,0.3412774755316244,0.5668965033597128,1.0942316464435362,DANGER,1,1,0,1,0,0,1,1,0,5
Sunrise Textile Mills,Textiles,2019,1,5.0,0.09,10291.6,6054.34,4237.27,2348.65,789.23,1559.42,445.97,1113.45,278.36,835.09,678.77,1746.62,18257.99,8881.3,2216.32,672.52,1406.52,1252.55,558.95,1584.62,4802.64,583.38,4333.76,4917.14,5173.1,3195.15,8368.24,1835.24,1784.77,6815.15,1538.55,-386.82,447.57,386.82,1151.73,0.5784,0.3589,0.0162,0.0906,0,1,1,0.1,0.0,0,0,0,0,0,1,5,0,1,0.0397,0.3799,0.6471,0.3655,81.93,ACTIVE,0,0.0238,0,3,0.5376,14.2,0.1452,0.0429,0.0856,0.2162,0.3555,0.3805,1.7018510756858962,0.45833303663446334,0.2833334885010161,0.17500009583886286,0.26931442068544703,3.496692594800788,0.7047005567442096,0.5209114985699638,1.6175444282812712,0.22821038514631248,0.08114287379210784,0.41172120949009666,0.16983246355201753,0.04573833154439572,0.12863683241536242,0.47764554182357105,5.2663856195116585,0.08426721670434328,0.31289530086332795,0.14949570522081154,0.1838558645325832,0.5636765054333102,75.51289652125368,49.88338061624204,110.64172145755907,14.754555679936658,9.81235807141976,9.239083307508395,6.727539503473669,2.73547239664622,3.4444129056675177,2.375601277335382,3.2344635878240764,6.411582057156638,3.304672349137598,2.75681125603656,3.2543177762318134,0.06000898810211841,-1.4942329346495984,-1.2283159282177465,-0.008650600096392222,1.8703039133214723,4.206090584930772,-0.8751429685586173,120.0,1.138896858448802,1.030488448305676,0.9103510390617227,3.735472395290381,0.5761351494788775,0.8524948634332644,1.1165727085775539,-0.03852888515994756,-0.17406329683045466,1,-0.11022626257817936,0.23736238215502567,0.08541027790652693,0.587595479982936,0.5636765054333102,1.3981235304378314,DANGER,1,1,0,1,0,1,0,0,0,4
Sunrise Textile Mills,Textiles,2020,1,4.0,0.09,19152.17,13871.86,5280.31,1753.6,1316.43,437.17,1085.29,-648.12,0.0,-648.12,1649.46,2605.93,46103.84,22582.86,6411.39,542.75,2936.67,3848.35,2892.8,4110.72,13788.53,904.46,7578.33,8482.78,14599.55,9220.77,23820.32,3296.99,4081.28,16599.03,349.11,-985.29,1062.95,985.29,-636.18,0.3515,0.3293,0.0403,0.0608,0,1,0,0.0931,0.0719,0,0,0,0,0,1,4,0,0,0.1,0.3961,0.6561,0.3776,53.68,MODERATE,0,0.0799,1,2,0.4629,26.3,0.2964,0.061,-0.2915,0.41,0.1709,0.2332,2.8080794264606554,0.5166667244959061,0.3166666811199096,0.20000004337599647,0.18399291685499533,0.402813994045081,0.830682877202422,0.5988410165775446,0.2338024845195886,0.09156142619392156,-0.03384055174772151,0.27570296210425754,-0.0764041976714704,-0.014057831191196704,0.03803587727100311,0.2067246822142358,1.615789326709184,0.007572254284945197,0.04115514017325038,0.018228221657481728,0.014655974394355073,0.4154137702973242,101.25878936917913,55.96674162478891,86.75126118006155,70.4742698139065,10.738651522695767,9.86017130411592,6.4740758643928,0.8609516498892298,-0.25335831222191474,-1.7761079644110216,-0.7730915472360339,0.7251451046746686,1.8465149183101826,1.5251322845504895,1.0878977902909308,-1.3837419437616827,-3.093878600755707,1.1062283507747592,-0.11498342553982935,-1.443750931863801,-1.4581574308274154,-0.6618664778297821,-6.644565182583833,1.1219516587166933,1.493345276388898,0.8426270669469287,1.8609516497084073,1.4816326402010715,1.3058222347313506,1.0542313358502955,-0.0216300854761419,-1.5190824489774297,1,-0.060960215026319674,0.1643752450953245,0.009482290412046323,0.3561152830710874,0.4154137702973242,0.8173475836016002,DANGER,0,1,0,1,0,1,0,0,0,3
Sunrise Textile Mills,Textiles,2021,1,3.0,0.09,4864.41,3000.45,1863.97,715.29,281.75,433.54,340.51,93.04,23.26,69.78,222.86,399.2,11613.63,4874.28,1231.81,147.37,826.95,659.54,116.14,584.53,2187.16,350.03,1366.7,1716.73,4064.77,2613.07,6677.84,890.7,661.08,4164.84,229.91,-125.45,239.53,125.45,104.46,0.3419,0.5415,-0.0086,0.1112,0,0,0,0.3568,0.0323,0,0,1,0,0,3,3,0,0,0.0931,0.5537,0.6978,0.3267,41.52,MODERATE,0,0.1591,1,5,0.4731,9.1,0.1878,0.231,-0.3444,0.3675,0.2063,0.4427,3.8898603718174316,0.5750002367412256,0.34999995691700186,0.22500027982422377,0.14782027667939995,1.2732078315667446,0.5251486250311779,0.3667896004728177,0.43867727633651343,0.14704558206503035,0.014345007921958674,0.38318521662787774,0.04064704406595851,0.006008457303529693,0.06159056211868377,0.4166584143012247,2.1006431467485736,0.019796566618723296,0.1339232144053385,0.04726369692372483,0.03442879733050974,0.41885353671342607,80.23199850681331,62.05002249768214,108.35224712681358,33.92977387768187,9.359934687322225,8.489700712856726,4.245347435758628,-0.7460125928289065,-0.5921019616788321,-1.1076652471764488,-0.3414396608518805,-0.7976217702215547,-0.7196578383497787,-0.7480984230380809,-0.718405540969874,0.20487479181692483,0.8703938375216635,1.0817809453567762,0.04818555966968019,1.5886167355786076,-2.5661727566599613,-0.5894335759723789,120.0,1.1086945692439385,0.719501250672594,1.8568005479747183,0.25398740715783186,1.0080087050842292,0.5319589906387585,1.0649174260186096,-0.013788109315193604,-2.851718654472931,0,-0.17028956491895392,0.11768069069552925,0.03733027485486189,0.25707863616722193,0.41885353671342607,0.6566961145057997,DANGER,1,1,1,1,0,0,1,1,1,7
Sunrise Textile Mills,Textiles,2022,1,2.0,0.09,15662.38,10275.18,5387.2,1370.45,1348.37,22.08,1305.2,-1283.12,0.0,-1283.12,975.98,1958.88,42323.34,22511.61,2366.93,1500.17,2923.64,3829.27,423.23,3586.23,10762.38,661.34,1445.19,2106.53,16223.95,10580.84,26804.78,2929.38,3359.57,16869.78,-456.82,-723.34,728.9,723.34,-1180.16,0.3846,0.5985,0.0095,0.1458,2,0,0,0.3949,0.0528,0,0,1,0,0,5,3,0,1,0.1796,0.5435,0.4501,0.32,48.43,LOW,1,0.3033,1,5,0.2855,36.6,0.1116,-0.033,-0.4211,0.5197,0.1732,0.4173,12.724613457807571,0.6333332860631194,0.3833334042071507,0.2500001181322174,0.049772300578126115,0.016916947581277236,0.6379680114003876,0.41097809216178405,0.020285561001841975,0.08749947325454373,-0.08192369230717657,0.3439579425129541,-0.6091154644799193,-0.030317077999271393,0.03238047847754028,0.6505722678288122,1.0499923375344833,-0.010793571584596264,-0.2168590049907388,-0.029166703909037663,-0.017042482720729567,0.37006483891937486,136.02521317037508,68.13323389752175,104.05887779055365,100.09956927734316,10.65309398591324,9.659016937562843,7.157049891029122,2.2197902726127112,0.9159361937116417,-19.388076812840353,-2.986951415771389,0.22705958420951466,3.0139895535083197,2.644281762033059,2.5354495435032343,-0.41839171533467145,-1.2562908839854674,8.83475308599014,-0.09626870022913524,-0.6232665071515963,3.7336473918580984,-0.10675846175887327,-12.0,1.0980372150560758,1.1140434780626365,0.5454864280943954,3.2197902719508034,0.9669621685067511,1.360132468368294,1.1052982565709821,-0.01952350641467513,-0.7246865177951316,1,-0.14430335601716918,0.0341464071589306,0.0005216979567179316,0.0785878488807374,0.37006483891937486,0.2935800943068863,DANGER,0,0,0,1,0,1,0,0,0,2
Sunrise Textile Mills,Textiles,2023,1,1.0,0.09,18396.04,13545.54,4850.5,549.15,1236.23,-687.08,1778.28,-2465.36,0.0,-2465.36,1252.61,2599.33,47492.9,23795.44,6432.58,981.14,3740.53,4003.75,1189.61,4625.05,13558.94,856.27,7256.46,8112.73,19788.71,13060.55,32849.25,3260.2,5454.95,21775.69,-1995.64,-414.37,610.15,414.37,-2410.01,0.405,0.5195,-0.0006,0.1508,0,0,0,0.3228,0.0,0,0,0,1,0,4,3,0,0,0.1079,0.7069,0.6361,0.2974,31.84,DORMANT,1,0.1853,1,6,0.2763,42.8,-0.0927,-0.3121,-0.4765,0.5366,0.2233,0.1929,4.049099377885237,0.6916665438267263,0.4166667017508582,0.2750000526336568,0.17081984885802257,-0.3863733493114845,0.6226640808799784,0.4388007911373279,-0.31181077185633094,0.029851533263145134,-0.13401579904511973,0.26367087697875896,-0.3038878404305471,-0.05191007497853553,0.01156278096280575,0.06768991448406518,0.3088096361040951,-0.04201975453084525,-0.24598871153779447,-0.10848204286854768,-0.060751463121357374,0.38734295020124393,107.88560292850003,74.21670369958879,87.84980147798832,94.2525051501005,10.768335505166217,9.819890703043187,7.810093120438059,0.1745366923800853,-0.5992922032908898,0.9213791383502714,3.3685477868744806,2.851229272785101,0.22549970564951471,0.12214442432946004,0.2794085455117594,-0.3320963328581729,-0.40329029689276175,-8.675514079922333,-0.052092106737943164,0.08629538247649854,-2.7884898478588047,-0.37524402409642227,-12.0,1.0892878475608114,1.3044923351482907,0.9984041774565116,1.1745366923050944,1.1442727408525304,1.0927186809465494,1.1145851636537176,-0.00989032044769028,-2.1651436158714548,1,-0.17301007097538765,0.1527904170907064,-0.014467004541426888,0.24696850003433962,0.38734295020124393,0.49407743399166276,DANGER,0,0,0,1,0,0,0,0,1,2
Sunrise Textile Mills,Textiles,2024,1,0.0,0.09,804.0,612.61,191.39,-2.93,43.25,-46.18,88.44,-134.62,0.0,-134.62,47.21,104.46,1741.34,938.99,101.6,65.31,176.88,100.7,17.41,101.95,396.94,47.14,43.39,90.53,783.6,522.4,1306.0,132.99,107.0,762.4,-131.58,-18.12,13.06,18.12,-149.7,0.4564,0.691,0.0111,0.1798,0,1,0,0.1335,0.0207,1,1,0,0,0,6,2,0,1,0.1426,0.7792,0.659,0.3271,19.85,DORMANT,1,0.3394,1,7,0.1472,46.3,-0.2652,-0.082,-0.7345,0.7079,0.1767,0.1,14.426156915650537,0.7499971282173515,0.4499982769304109,0.2999988512869406,0.05198869832887966,-0.5221619117801684,0.5206453298522491,0.3885624339079716,-0.5830142892865346,-0.0036442786024324897,-0.16743781073701766,0.23804726338551332,-1.4870208606316044,-0.07730827978607953,-0.0016826122401813477,-0.032364961533580455,-0.03312980514326318,-0.07556249780309274,-1.45344083228277,-0.16365671621435735,-0.10075038277124779,0.46171339286887486,59.99820430616836,80.29999990012438,79.23695323413436,61.06125097215836,7.462410210764749,6.6895992691789665,4.902455994582567,-0.9562949417374609,-1.0053355185286352,-0.9453953986436058,-0.9340662644565152,-0.9888409943385272,-0.9602426234997755,-0.9633347300333313,-0.9527125835108928,-0.2712035174302037,-0.13578856246868387,10.3770575377653,-0.03342201169189793,0.060892815427969205,-1.1857423291492903,-0.30164992514418837,-12.0,1.0819666718850691,1.1076362130470594,1.0905936736004285,0.04370505826016332,1.121607638899893,0.8623556674032926,1.0327335625106917,-0.001745781982986786,-3.1453866704335205,0,-0.20987285641524753,0.024917592184801593,-0.026519806570503287,0.0693185298090976,0.46171339286887486,0.19882635043209773,DANGER,0,0,0,1,0,0,1,0,1,3
